<TableLayout xmlns:android="http://schemas.android.com/apk/res/android"
    android:layout_width="fill_parent"
    android:layout_height="fill_parent">
<!-- Time of the comment -->
    <TableRow
        android:layout_width="fill_parent"
        android:layout_height="fill_parent">

        <TextView
            android:text="Time"
            android:layout_width="wrap_content"
            android:layout_height="wrap_content"
            android:layout_column="1" />

        <EditText
            android:layout_width="wrap_content"
            android:layout_height="wrap_content"
            android:id="@+id/textClock"
            android:layout_column="2" />

    </TableRow>
<!-- User's information -->
    <TableRow>

        <TextView
            android:text="First Name"
            android:layout_width="wrap_content"
            android:layout_height="wrap_content"
            android:layout_column="1" />

        <EditText
            android:width="200px"
            android:layout_width="wrap_content"
            android:layout_height="wrap_content" />
    </TableRow>

    <TableRow>

        <TextView
            android:text="Last Name"
            android:layout_width="wrap_content"
            android:layout_height="wrap_content"
            android:layout_column="1" />

        <EditText
            android:width="100px"
            android:layout_width="wrap_content"
            android:layout_height="wrap_content" />
    </TableRow>
<!-- Add a Comment -->
    <TableRow>

        <TextView
            android:text="Leave a Comment"
            android:layout_width="wrap_content"
            android:layout_height="wrap_content"
            android:layout_column="1" />

        <EditText
            android:width="100px"
            android:layout_width="wrap_content"
            android:layout_height="wrap_content" />
    </TableRow>
<!-- Rating scale -->
    <TableRow
        android:layout_width="fill_parent"
        android:layout_height="fill_parent">

        <RatingBar
            android:layout_width="wrap_content"
            android:layout_height="wrap_content"
            android:id="@+id/ratingBar"
            android:layout_column="2" />
    </TableRow>

    <TableRow
        android:layout_width="fill_parent"
        android:layout_height="fill_parent"/>

    <TableRow
        android:layout_width="fill_parent"
        android:layout_height="fill_parent">

        <Button
            android:layout_width="wrap_content"
            android:layout_height="wrap_content"
            android:text="Submit"
            android:id="@+id/button"
            android:layout_column="2" />
    </TableRow>

</TableLayout>

